<?xml version="1.0" encoding="UTF-8"?>
<GenRun Id="synth_1" LaunchPart="xc7a50tcsg324-1" LaunchTime="1589924449">
  <File Type="PA-TCL" Name="pmod_hb3_v1_0.tcl"/>
  <File Type="REPORTS-TCL" Name="pmod_hb3_v1_0_reports.tcl"/>
  <File Type="RDS-RDS" Name="pmod_hb3_v1_0.vds"/>
  <File Type="RDS-UTIL" Name="pmod_hb3_v1_0_utilization_synth.rpt"/>
  <File Type="RDS-UTIL-PB" Name="pmod_hb3_v1_0_utilization_synth.pb"/>
  <File Type="RDS-DCP" Name="pmod_hb3_v1_0.dcp"/>
  <FileSet Name="sources" Type="DesignSrcs" RelSrcDir="$PSRCDIR/sources_1">
    <Filter Type="Srcs"/>
    <File Path="$PSRCDIR/sources_1/imports/ME/Vivado_Projects/hb3/hb3.srcs/sources_1/imports/new/counter.v">
      <FileInfo>
        <Attr Name="ImportPath" Val="$PPRDIR/../../../../../../../../Vivado_Projects/hb3/hb3.srcs/sources_1/imports/new/counter.v"/>
        <Attr Name="ImportTime" Val="1589892077"/>
        <Attr Name="UsedIn" Val="synthesis"/>
        <Attr Name="UsedIn" Val="implementation"/>
        <Attr Name="UsedIn" Val="simulation"/>
      </FileInfo>
    </File>
    <File Path="$PSRCDIR/sources_1/imports/ME/Vivado_Projects/hb3/hb3.srcs/sources_1/imports/hwdet/hw_pwdet.v">
      <FileInfo>
        <Attr Name="ImportPath" Val="$PPRDIR/../../../../../../../../Vivado_Projects/hb3/hb3.srcs/sources_1/imports/hwdet/hw_pwdet.v"/>
        <Attr Name="ImportTime" Val="1589920185"/>
        <Attr Name="UsedIn" Val="synthesis"/>
        <Attr Name="UsedIn" Val="implementation"/>
        <Attr Name="UsedIn" Val="simulation"/>
      </FileInfo>
    </File>
    <File Path="$PSRCDIR/sources_1/imports/ME/OneDrive/Documents/School/PSU/Spring2020/ECE544/Projects/Project2/pmodhb3/pmod_hb3_1.0/hdl/pmod_hb3_v1_0_S00_AXI.v">
      <FileInfo>
        <Attr Name="ImportPath" Val="$PPRDIR/../../../../../../../../OneDrive/Documents/School/PSU/Spring2020/ECE544/Projects/Project2/pmodhb3/pmod_hb3_1.0/hdl/pmod_hb3_v1_0_S00_AXI.v"/>
        <Attr Name="ImportTime" Val="1589924415"/>
        <Attr Name="UsedIn" Val="synthesis"/>
        <Attr Name="UsedIn" Val="implementation"/>
        <Attr Name="UsedIn" Val="simulation"/>
      </FileInfo>
    </File>
    <File Path="$PSRCDIR/sources_1/imports/ME/Vivado_Projects/hb3/hb3.srcs/sources_1/imports/hwdet/pwm_gen.v">
      <FileInfo>
        <Attr Name="ImportPath" Val="$PPRDIR/../../../../../../../../Vivado_Projects/hb3/hb3.srcs/sources_1/imports/hwdet/pwm_gen.v"/>
        <Attr Name="ImportTime" Val="1589896733"/>
        <Attr Name="UsedIn" Val="synthesis"/>
        <Attr Name="UsedIn" Val="implementation"/>
        <Attr Name="UsedIn" Val="simulation"/>
      </FileInfo>
    </File>
    <File Path="$PSRCDIR/sources_1/imports/ME/OneDrive/Documents/School/PSU/Spring2020/ECE544/Projects/Project2/pmodhb3/pmod_hb3_1.0/hdl/pmod_hb3_v1_0.v">
      <FileInfo>
        <Attr Name="ImportPath" Val="$PPRDIR/../../../../../../../../OneDrive/Documents/School/PSU/Spring2020/ECE544/Projects/Project2/pmodhb3/pmod_hb3_1.0/hdl/pmod_hb3_v1_0.v"/>
        <Attr Name="ImportTime" Val="1589909512"/>
        <Attr Name="UsedIn" Val="synthesis"/>
        <Attr Name="UsedIn" Val="implementation"/>
        <Attr Name="UsedIn" Val="simulation"/>
      </FileInfo>
    </File>
    <File Path="$PSRCDIR/sources_1/imports/ME/OneDrive/Documents/School/PSU/Spring2020/ECE544/Projects/Project2/pmodhb3/pmod_hb3_1.0/component.xml">
      <FileInfo SFType="IPXACT">
        <Attr Name="ImportPath" Val="$PPRDIR/../../../../../../../../OneDrive/Documents/School/PSU/Spring2020/ECE544/Projects/Project2/pmodhb3/pmod_hb3_1.0/component.xml"/>
        <Attr Name="ImportTime" Val="1589920355"/>
      </FileInfo>
    </File>
    <Config>
      <Option Name="DesignMode" Val="RTL"/>
      <Option Name="TopModule" Val="pmod_hb3_v1_0"/>
      <Option Name="TopAutoSet" Val="TRUE"/>
    </Config>
  </FileSet>
  <FileSet Name="constrs_in" Type="Constrs" RelSrcDir="$PSRCDIR/constrs_1">
    <Filter Type="Constrs"/>
    <Config>
      <Option Name="ConstrsType" Val="XDC"/>
    </Config>
  </FileSet>
  <Strategy Version="1" Minor="2">
    <StratHandle Name="bestone" Flow="Vivado Synthesis 2018"/>
    <Step Id="synth_design">
      <Option Id="ReTiming">1</Option>
      <Option Id="RepFanoutThreshold">1000</Option>
      <Option Id="Directive">6</Option>
    </Step>
  </Strategy>
</GenRun>
